qid,base_cov,delta,attraction,n_poles,k,pole_baseline,pole_scout,pole_div_only,vendi_k_baseline,vendi_k_scout,d_vendi_k,mpc_baseline,mpc_scout,w_baseline,w_scout,modes_baseline,modes_scout,d_modes
1,0.0,0.0,0.08399921655654907,20,3,0.3700486719608307,0.45404788851737976,0.4257957339286804,2.463697910308838,2.1167602717876433,-0.34693763852119464,0.4573839008808136,0.5744848847389221,61,290,2.463697910308838,3.850409746170044,1.386711835861206
5,0.75,-0.5,0.02973109483718872,20,4,0.3664279580116272,0.3961590528488159,0.37441179156303406,2.8944127559661865,2.4239465832710265,-0.47046617269516,0.47998908162117004,0.6269574165344238,75,377,2.8944127559661865,3.4116146564483643,0.5172019004821777
7,0.5,-0.16670000000000001,0.018395036458969116,20,3,0.37292933464050293,0.39132437109947205,0.3862709403038025,2.2650368213653564,2.1136063992977143,-0.15143042206764212,0.5105255842208862,0.6081914901733398,58,335,2.2650368213653564,3.951422929763794,1.6863861083984375
8,0.5833,-0.08330000000000004,-0.01744207739830017,20,4,0.40388888120651245,0.3864468038082123,0.3980221152305603,2.0611960887908936,2.60711784362793,0.5459217548370363,0.7257111668586731,0.5596433877944946,90,341,2.061196804046631,3.533513069152832,1.4723162651062012
9,0.5,-0.5,0.002601712942123413,20,4,0.2762066423892975,0.2788083553314209,0.3617094159126282,3.1480369567871094,3.0252429008483888,-0.12279405593872061,0.41166678071022034,0.43151143193244934,74,311,3.148036241531372,5.2639265060424805,2.1158902645111084
16,0.5,0.16669999999999996,0.07889103889465332,20,4,0.29225462675094604,0.37114566564559937,0.30061522126197815,2.594079279899597,2.4464399814605713,-0.1476392984390258,0.5535176992416382,0.6229872703552246,122,244,3.0090723037719727,2.4464402198791504,-0.5626320838928223
17,0.5556,0.015800000000000036,0.05159556865692139,20,5,0.4609357714653015,0.5125313401222229,0.49906033277511597,3.4806435108184814,2.8703144431114196,-0.6103290677070619,0.4544675946235657,0.5840368866920471,118,468,3.4806435108184814,4.248510837554932,0.7678673267364502
19,0.8571,-0.5238,0.053779661655426025,20,4,0.3418462574481964,0.39562591910362244,0.46609145402908325,2.8962831497192383,2.5568519711494444,-0.3394311785697939,0.4987727403640747,0.6026508212089539,82,328,2.8962831497192383,3.8174099922180176,0.9211268424987793
20,0.4286,0.0,0.00813344120979309,24,5,0.45167702436447144,0.4598104655742645,0.5120756030082703,3.516399621963501,3.198141932487488,-0.3182576894760132,0.4682925343513489,0.5249097347259521,102,378,3.516399621963501,4.481679439544678,0.9652798175811768
23,0.3636,0.46970000000000006,0.07682627439498901,20,4,0.22705984115600586,0.3038861155509949,0.3401765823364258,2.9279325008392334,2.793828570842743,-0.13410392999649057,0.4792821705341339,0.5003102421760559,71,335,2.9279327392578125,4.659919738769531,1.7319869995117188
25,0.5,-0.16670000000000001,0.23272445797920227,20,3,0.2692411243915558,0.5019655823707581,0.43308672308921814,2.264587163925171,1.8499743044376373,-0.41461285948753357,0.5423768162727356,0.6975437998771667,67,379,2.264587163925171,2.5679516792297363,0.30336451530456543
26,0.6,-0.1714,0.1485300362110138,20,4,0.37740465998649597,0.5259346961975098,0.5077720880508423,3.0055363178253174,2.6512457609176634,-0.354290556907654,0.4432792663574219,0.5409796833992004,87,374,3.0055363178253174,3.942070960998535,0.9365346431732178
28,0.5,-0.5,0.11287146806716919,20,4,0.2860381603240967,0.39890962839126587,0.409027099609375,2.7419519424438477,2.788031005859375,0.046079063415527255,0.5101084113121033,0.5394979119300842,66,357,2.7419519424438477,4.5718770027160645,1.8299250602722168
29,0.5,-0.5,0.14755845069885254,20,3,0.47785425186157227,0.6254127025604248,0.6369778513908386,1.8067412376403809,1.9638516664505006,0.15711042881011972,0.7303196787834167,0.6708099246025085,90,293,1.8067412376403809,2.6724557876586914,0.8657145500183105
30,0.3333,0.06670000000000004,0.0009926557540893555,20,5,0.3106118142604828,0.31160447001457214,0.34166446328163147,3.0618919372558593,3.1307013750076296,0.06880943775177029,0.5334485769271851,0.48906323313713074,125,470,3.06189227104187,5.807048797607422,2.7451565265655518
88,0.0,0.25,-0.025775402784347534,20,3,0.41772034764289856,0.391944944858551,0.43942171335220337,2.1845033168792725,2.2734339952468874,0.08893067836761492,0.5696743130683899,0.5572197437286377,50,352,2.1845033168792725,3.9153096675872803,1.7308063507080078
177,0.4,0.6,-0.027262955904006958,20,4,0.3476497232913971,0.32038676738739014,0.3299337923526764,2.3956961631774902,2.1683919429779053,-0.22730422019958496,0.5819389224052429,0.6896829009056091,66,183,2.395695686340332,2.1683919429779053,-0.22730374336242676
298,0.5,0.09999999999999998,-0.00588536262512207,20,4,0.5022956132888794,0.4964102506637573,0.49557167291641235,2.7997958660125732,2.2808940410614014,-0.5189018249511719,0.5139033198356628,0.6666557788848877,69,218,2.7997958660125732,2.2808938026428223,-0.518902063369751
393,1.0,-0.19999999999999996,-0.016693979501724243,20,4,0.30193430185317993,0.2852403223514557,0.3087766766548157,3.269474983215332,2.9442814946174622,-0.3251934885978698,0.3893392086029053,0.4583111107349396,69,360,3.269474983215332,5.40951681137085,2.1400418281555176
405,1.0,-1.0,0.19980484247207642,20,3,0.3321272134780884,0.5319320559501648,0.5143330097198486,2.316128969192505,1.8723450243473052,-0.4437839448451997,0.5246427655220032,0.7101691365242004,51,260,2.316128969192505,2.125858783721924,-0.19027018547058105
519,0.4,-0.4,0.016215205192565918,20,,0.4469817876815796,0.4631969928741455,0.4274676442146301,,,,0.7620602250099182,0.5273775458335876,45,371,1.4403232336044312,4.509718418121338,3.0693951845169067
557,0.125,-0.125,0.3697022497653961,20,3,0.2946450412273407,0.6643472909927368,0.6542150378227234,2.422184944152832,2.0304337680339812,-0.3917511761188508,0.4694511890411377,0.6100447177886963,38,374,2.422184944152832,3.9380710124969482,1.5158860683441162
752,0.4,0.6,0.013906151056289673,20,,0.24365267157554626,0.25755882263183594,0.2699751555919647,,,,0.5948381423950195,0.5752003788948059,32,327,1.6552624702453613,4.396904945373535,2.741642475128174
914,0.5,-0.16670000000000001,-0.03531298041343689,36,5,0.4119449555873871,0.3766319751739502,0.4343888461589813,3.034900796413422,2.888059175014496,-0.14684162139892587,0.5374358892440796,0.5653340816497803,109,383,3.0349009037017822,4.602657794952393,1.5677568912506104
1312,0.4,0.4889,-0.06918895244598389,20,3,0.43336138129234314,0.36417242884635925,0.4031701385974884,2.120532512664795,2.3092543721199035,0.18872185945510855,0.6099117994308472,0.5304038524627686,62,279,2.120532512664795,3.7062535285949707,1.5857210159301758
1809,0.375,0.06940000000000002,-0.023107171058654785,20,3,0.4041108787059784,0.3810037076473236,0.42229607701301575,2.6158580780029297,2.4009348273277284,-0.21492325067520124,0.37379375100135803,0.48021337389945984,118,328,2.6158580780029297,5.5877275466918945,2.971869468688965
2026,1.0,-0.5,0.10481739044189453,24,,0.4603613018989563,0.5651786923408508,0.5292223691940308,,,,0.37848034501075745,0.6683176755905151,33,413,1.8583840131759644,3.1615941524505615,1.3032101392745972
2135,0.25,-0.25,0.23135143518447876,20,,0.3923860788345337,0.6237375140190125,0.6270694732666016,,,,0.5155371427536011,0.7022981643676758,32,372,1.7395708560943604,2.5469446182250977,0.8073737621307373
2228,0.6667,0.0,0.0037651658058166504,40,4,0.4689064919948578,0.47267165780067444,0.5019910335540771,3.025862693786621,2.12489994764328,-0.9009627461433412,0.4423782527446747,0.7053971886634827,94,437,3.025862693786621,2.8757307529449463,-0.1501319408416748
2458,0.7273,-0.06059999999999999,0.054660409688949585,20,3,0.2840364873409271,0.3386968970298767,0.35350319743156433,1.9598896503448486,2.0583461463451385,0.09845649600028983,0.6276997327804565,0.566758930683136,63,248,1.9598896503448486,3.3469784259796143,1.3870887756347656
2532,0.4,0.0,0.04639309644699097,20,3,0.3098815381526947,0.35627463459968567,0.3928222954273224,2.4500198364257812,2.1009075045585632,-0.349112331867218,0.4603271484375,0.573444128036499,55,364,2.4500198364257812,4.350959777832031,1.90093994140625
2617,0.2,0.6000000000000001,0.085137739777565,20,3,0.10410165786743164,0.18923939764499664,0.20096299052238464,2.1197102069854736,2.3944103479385377,0.27470014095306405,0.6003301739692688,0.4458639919757843,63,389,2.1197102069854736,5.285858154296875,3.1661479473114014
2831,0.3846,-0.2417,0.06670990586280823,20,4,0.2825242578983307,0.3492341637611389,0.2838295102119446,2.5421040058135986,2.875000202655792,0.3328961968421935,0.581644594669342,0.4981793463230133,84,197,2.5421040058135986,4.1315226554870605,1.589418649673462
3066,0.6,0.15000000000000002,0.1379140019416809,20,4,0.3521580696105957,0.4900720715522766,0.45424142479896545,3.0166492462158203,1.932144045829773,-1.0845052003860474,0.44035300612449646,0.7422468662261963,51,245,3.016649007797241,1.9321441650390625,-1.0845048427581787
3069,0.75,0.25,0.03572836518287659,20,3,0.31598618626594543,0.351714551448822,0.3214968740940094,2.4252777099609375,2.25986630320549,-0.1654114067554473,0.47299250960350037,0.5565769672393799,53,340,2.4252777099609375,4.150824069976807,1.7255463600158691
3149,0.625,0.2639,0.015620246529579163,20,7,0.17416450381278992,0.18978475034236908,0.16770358383655548,4.947441101074219,4.031114852428436,-0.9163262486457828,0.36220112442970276,0.47553306818008423,197,338,4.947441101074219,4.529935359954834,-0.41750574111938477
3479,0.1429,0.05710000000000001,-0.02051442861557007,4,4,0.3259904384613037,0.30547600984573364,0.30156439542770386,2.6592156887054443,2.851620149612427,0.1924044609069826,0.48968812823295593,0.5021525621414185,69,309,2.6592159271240234,5.7068705558776855,3.047654628753662
3887,0.4,-0.06670000000000004,0.02654692530632019,20,4,0.13679221272468567,0.16333913803100586,0.16737651824951172,2.8910884857177734,1.994225835800171,-0.8968626499176025,0.4699772298336029,0.7396619915962219,49,387,2.8910884857177734,2.4441847801208496,-0.44690370559692383
3959,0.4,-0.15000000000000002,-0.006324976682662964,20,,0.38042983412742615,0.3741048574447632,0.38459622859954834,,,,0.42044368386268616,0.4997577667236328,42,402,1.8256807327270508,4.714817047119141,2.88913631439209
3991,0.4,0.6,-0.0674709677696228,20,,0.4171392321586609,0.3496682643890381,0.33634111285209656,,,,0.686715304851532,0.4755592942237854,36,301,1.5435113906860352,5.986714839935303,4.443203449249268
4088,0.6667,-0.6667,-0.008639559149742126,20,3,0.24437032639980316,0.23573076725006104,0.23235030472278595,2.095592498779297,2.497326898574829,0.40173439979553205,0.6190807819366455,0.44293007254600525,70,341,2.095592498779297,6.500455379486084,4.404862880706787
4329,0.3333,-0.3333,-0.01359817385673523,20,3,0.4722396433353424,0.4586414694786072,0.5693463087081909,1.6790814399719238,2.1631253361701965,0.4840438961982727,0.7797364592552185,0.5959464907646179,64,351,1.6790814399719238,3.3769314289093018,1.697849988937378
4703,0.0,0.4,0.09943762421607971,28,,0.39425891637802124,0.49369654059410095,0.47436273097991943,,,,0.4492878317832947,0.6390572190284729,28,123,1.8013091087341309,2.8524110317230225,1.0511019229888916
4814,0.3333,0.0,0.0871729850769043,16,3,0.10412988066673279,0.19130286574363708,0.2087090015411377,2.023348808288574,2.2143309712409973,0.1909821629524231,0.6475638747215271,0.5484635233879089,64,261,2.023348808288574,3.706376075744629,1.6830272674560547
4978,0.7,-0.7,0.23552972078323364,20,4,0.32547760009765625,0.5610073208808899,0.5257064700126648,2.6158106327056885,2.584800732135773,-0.031009900569915594,0.5581168532371521,0.5419766902923584,51,308,2.6158106327056885,3.217374801635742,0.6015641689300537
5081,0.3333,0.06670000000000004,0.047018975019454956,20,4,0.3570408523082733,0.40405982732772827,0.5211198925971985,3.1986591815948486,2.4911825299263,-0.7074766516685487,0.3404456675052643,0.5807327032089233,82,408,3.1986591815948486,3.6842527389526367,0.4855935573577881
5336,0.4,-0.06670000000000004,0.08256539702415466,36,3,0.45360323786735535,0.53616863489151,0.5096632838249207,2.259366750717163,2.078218197822571,-0.1811485528945922,0.5421227812767029,0.65200275182724,57,358,2.259366750717163,2.9601778984069824,0.7008111476898193
5905,0.0,0.75,0.10103604197502136,20,,0.14425724744796753,0.2452932894229889,0.23817197978496552,,,,0.6909167766571045,0.728992760181427,45,313,1.538036584854126,2.492037534713745,0.9540009498596191
5914,1.0,-1.0,0.07843202352523804,20,,0.26432669162750244,0.3427587151527405,0.3864902853965759,,,,0.5417841076850891,0.5627613663673401,36,290,1.712914228439331,4.342470169067383,2.6295559406280518
6082,0.6,-0.02859999999999996,-0.019334353506565094,20,3,0.1125563383102417,0.0932219848036766,0.07914804667234421,2.606110095977783,1.9432399451732636,-0.6628701508045196,0.37662801146507263,0.6745727062225342,58,344,2.606110095977783,2.742417812347412,0.1363077163696289
6824,0.0,0.4,0.12490266561508179,20,3,0.2993932068347931,0.4242958724498749,0.36968177556991577,2.283116579055786,1.9675165474414826,-0.3156000316143035,0.48937782645225525,0.6739861369132996,58,347,2.283116579055786,2.8610892295837402,0.5779726505279541
6920,0.5,-0.5,0.11262652277946472,20,3,0.35137465596199036,0.4640011787414551,0.4949359893798828,2.1934142112731934,1.690900492668152,-0.5025137186050415,0.5507075190544128,0.7831892371177673,46,251,2.1934142112731934,1.81658935546875,-0.37682485580444336
7043,0.4,-0.4,-0.004347413778305054,20,,0.4209248423576355,0.41657742857933044,0.38387981057167053,,,,0.490855872631073,0.7326509952545166,45,306,1.7635036706924438,2.2854278087615967,0.5219241380691528
7212,0.8333,0.0,0.07276949286460876,20,5,0.30889463424682617,0.38166412711143494,0.41820207238197327,3.3386034965515137,2.697203755378723,-0.6413997411727905,0.4799632132053375,0.6199199557304382,85,379,3.3386034965515137,3.5788962841033936,0.24029278755187988
7263,1.0,-0.5,0.0329003632068634,20,,0.45368069410324097,0.48658105731010437,0.4216698706150055,,,,0.635290265083313,0.5319288372993469,26,364,1.607926607131958,5.518703937530518,3.9107773303985596
7328,0.8571,0.14290000000000003,-0.03929509222507477,12,5,0.2670022249221802,0.2277071326971054,0.24773190915584564,2.9860596656799316,2.362528896331787,-0.6235307693481444,0.5490848422050476,0.7032889127731323,118,337,2.9860596656799316,3.2739548683166504,0.28789520263671875
7513,1.0,-0.28569999999999995,0.03443995118141174,20,5,0.2608434855937958,0.2952834367752075,0.2455415576696396,3.553375267982483,2.826172351837158,-0.7272029161453246,0.4423955976963043,0.5969129800796509,88,344,3.553375482559204,3.8129210472106934,0.25954556465148926
7628,0.0,1.0,-0.03240123391151428,20,3,0.340982586145401,0.3085813522338867,0.31816366314888,2.380499839782715,1.9245981872081757,-0.4559016525745392,0.4864501655101776,0.6343927383422852,59,233,2.380499839782715,2.6043829917907715,0.22388315200805664
7714,0.3333,0.0,0.034785717725753784,20,3,0.28941234946250916,0.32419806718826294,0.31529754400253296,2.1458873748779297,2.1513034403324127,0.005416065454483032,0.5927637219429016,0.6001842617988586,74,337,2.1458873748779297,3.3671462535858154,1.2212588787078857
7737,1.0,-0.6667000000000001,0.11879956722259521,12,3,0.35304340720176697,0.4718429744243622,0.4275340437889099,2.2425103187561035,2.0724861145019533,-0.1700242042541502,0.5574204325675964,0.6253780722618103,50,352,2.2425103187561035,2.884685754776001,0.6421754360198975
